SKU,URL
NWG-WGMDR30101,https://partner.leadersystems.com.au/products.html?K/qTqJ2mGpo=QE6Pon8Gjhf6804H/S4tNw==PCNtYGHdExcYTRTicz9QxytPetYQPQ==
NWG-WGMDR30103,https://partner.leadersystems.com.au/products.html?OWtMgirxJlM=5raaUL6pXzk0+MSjKCMBuw==94CWXixBUlL226vaP0is8tH9MhYAew==
NWG-WGMDR30201,https://partner.leadersystems.com.au/products.html?VC+HI2UDI6k=FI9qFwtHoanVHGl4W2YvVQ==VwcHvCNc5XppkCCjwwbx9IZWF+tjpA==
NWG-WGMDR30203,https://partner.leadersystems.com.au/products.html?7nraqjwThUQ=UmGtVXtzgACswJ9RIjEA4Q==u331Jkf++kUK0NsWM5jI57Uz+U+S+g==
NWG-WGMDR30301,https://partner.leadersystems.com.au/products.html?Zqbuo5MBP9k=3aa9j86JfPg7EJA/0H3htA==Yiy/SOaICv6tVQtbdi3lhj6LdOsiUw==
NWG-WGMDR30303,https://partner.leadersystems.com.au/products.html?C/trlfvRJo4=pVd/n49iuGXqHdiZJjCbNA==b9ijJaK3a/cWEdEtVqccwZtIPlQN7g==
NWG-WGMDR30401,https://partner.leadersystems.com.au/products.html?sLOBVhUuA1M=3+jpCsFionDaqm5xy33vvA==HwaZzkKIBXWn7QxtkBxFb6K2i4fnFg==
NWG-WGMDR30403,https://partner.leadersystems.com.au/products.html?oVXY7FwIBqg=W8z8Ye514tBbT+Xo7SId4g==LQrWjFqVcRT+7EUKizXlh1TrfEUUFw==
NWG-WGMDR30501,https://partner.leadersystems.com.au/products.html?pu7Idig98fE=VTcHvmdZ7sLkf8JlUOxLPA==aeWH9tvWwqJ+sbJplehkfU0YsRcmtQ==
NWG-WGMDR30503,https://partner.leadersystems.com.au/products.html?p0B0sogxcNI=l2yunFq06havAfCUCOM04w==Pznk4FGaox0Mgz3qaT4BTRRyEZF5LA==
NWG-WGMDR30601,https://partner.leadersystems.com.au/products.html?f6NDhB9n7lE=ykrm3OwwZMSAxOvXFeOXNg==MfZibBglkNptKcB8LtJr5Fk7gFmf6A==
NWG-WGMDR30603,https://partner.leadersystems.com.au/products.html?7EUchDqC70Q=NXDNdD48pdmhqyTOYIJdZg==x2MYBLYJNAsZPPcBRN2MAYE56KYARA==
NWG-WGMDR30701,https://partner.leadersystems.com.au/products.html?SsTaLAWhH7Y=4h540kNcU0CY0DCWjiZd4Q==Q71kTk9EOBHN11MX40UkQBH0kN1zMA==
NWG-WGMDR30703,https://partner.leadersystems.com.au/products.html?aZwNL8FSRb8=B1Emj3klJVKb0Sf8x87Yzw==5YmdUjY2meD8+i7AY4MK5agLtgAKGA==
NWG-WGMDRM30101,https://partner.leadersystems.com.au/products.html?EuL3LAkFaQU=54iXHvl1yOlXAC02QzC/Ug==tuBU1z8V0qpc7vrM7x4FwZCAVAEXZxE=
NWG-WGMDRM30103,https://partner.leadersystems.com.au/products.html?KomrS3VAIYA=xct5BsXFfNvOe0gpBYHXtQ==8aEzt4jx1Pmf9iWrfA/j32G+wXb9Il0=
NWG-WGMDRM30201,https://partner.leadersystems.com.au/products.html?JZeRzc0ciQY=M5WMY7TD4ZmvGyD+szSqbg==FMmP4tp4BLWOIpA8biv1S3F9Kyfxv3k=
NWG-WGMDRM30203,https://partner.leadersystems.com.au/products.html?UqRABxYE2ko=DFvlgQqiJzFF9tRaqfD6Pw==u3CUiMnvsn+dourmLTAcmHSXP7S6D5k=
NWG-WGMDRM30301,https://partner.leadersystems.com.au/products.html?HeTGipgRJmw=G4dxmdiZytG/lKv45q8ZZQ==BOK8dLQ/ZHhiG2yINGH57TEfxTYU/jI=
NWG-WGMDRM30303,https://partner.leadersystems.com.au/products.html?qWAgsI+wX1A=+CozZ6zQDJ9uR41N96m2ng==JZzf1y6tEjpT1G619Q56klL7ErecbdM=
NWG-WGMDRM30401,https://partner.leadersystems.com.au/products.html?XQ34c4r40Tw=3kQPzZUYp0HvqRdd6UWxzw==797Cg3Ogdr02cCJ3qO1y3JR3cfblCrg=
NWG-WGMDRM30403,https://partner.leadersystems.com.au/products.html?wEv9k2pPCpU=4xwCyLVXSooOd1d0AAJ+xw==oCJ7MG5ITs6i/xwMtKDD3Y+6f6GCleY=
NWG-WGMDRM30501,https://partner.leadersystems.com.au/products.html?knqj76U34WM=82peJ6cF3jUIRgH1iL9RPg==p0zk+zVGox+8LLLnRIaoJRtTtnFAMho=
NWG-WGMDRM30503,https://partner.leadersystems.com.au/products.html?t+2lOd4TaEo=RFRlbrLkbjnMtRhj88V0cw==Mte1826c/bwzQPTp6Tc7Vyn6vKukUDk=
NWG-WGMDRM30601,https://partner.leadersystems.com.au/products.html?cAB7jP7gq4E=DGxULUr7xTOp/+tBy9Is/w==HlZwfMAqVvlaYUO3uI3AJUTgvm5RIBE=
NWG-WGMDRM30603,https://partner.leadersystems.com.au/products.html?tYI4dag9ek8=rtIOFuIuLSHi9fcR2oCpnw==sF1NHwzV8KCDHM8hFhyo40CLQ/wpgPc=
NWG-WGMDRM30701,https://partner.leadersystems.com.au/products.html?wGuWqqyKw3Y=KnxPzz5uSYgZmO7Z17iAVw==LwXl/e3xWtvfCtqlHiHeFLuuSc6Zd8U=
NWG-WGMDRM30703,https://partner.leadersystems.com.au/products.html?9zDbVQy2eQc=3jQ2iwMs2BH+iX4ns2hqZw==0TCVSM3IR+yHuWAULIo0RqovjR70GNs=
NWG-WGMDRT30101,https://partner.leadersystems.com.au/products.html?4XghZCdE7gY=NmVe5KzxXpBiqG+iWPIimA==65A7aqWQkRr8v7ctRmaB+hsMTV3/djw=
NWG-WGMDRT30103,https://partner.leadersystems.com.au/products.html?9fqgS59yAhk=5qiiV4k/4Wr9QKlbkmwwnA==+mzhHbCheaXzd37PuZSjCAJciELEvTM=
NWG-WGMDRT30201,https://partner.leadersystems.com.au/products.html?fY12qLZiB4E=AJWnHRaXFsxocGSL6lasXw==c3bf+XX2W/QsWWbe+rdIcQBHnCqdIiQ=
NWG-WGMDRT30203,https://partner.leadersystems.com.au/products.html?kZLUQyTqd7I=lWjHi8JwWUjhbRnfY78a7w==EiH0AmbfuII3oHjDrBUMv65CDi1h8ek=
NWG-WGMDRT30301,https://partner.leadersystems.com.au/products.html?wfdnPdimBZ0=4W9OJbMxLtXOtFYbdoxFxQ==egvyZVoT4Z2kXK515F31Nx3kUD5w490=
NWG-WGMDRT30303,https://partner.leadersystems.com.au/products.html?tWqrDjzV+vE=4CyM6bFiwWUIJb/+rp0clQ==xiHlLglTvLdMLER9xIUSQieJOkz9Ejo=
NWG-WGMDRT30401,https://partner.leadersystems.com.au/products.html?kTWXXOeXP+0=95py8ZZjtJcVbvN35tJ7fg==o+fgvDmB2r+98dx7HEe0RsFHlj6Lmjo=
NWG-WGMDRT30403,https://partner.leadersystems.com.au/products.html?Y2hpMi9UDRE=FP6aZyJfN98buN7/4q3dXA==rUGp9vUR1zcgsyx5DcmPmtZuu5cBe1A=
NWG-WGMDRT30501,https://partner.leadersystems.com.au/products.html?md14YNyWBiw=FFbNM38Hrdcb1CXTW2s4ug==07ooO0tHfJYuUchhrpSY4n6to5pOa8w=
NWG-WGMDRT30503,https://partner.leadersystems.com.au/products.html?4LvgQkaZ25Y=ubhq7kkhlyDfoIq30ZHuVg==QiKMNV7mTKEewuANcwKrmWaIJdNNo6A=
NWG-WGMDRT30601,https://partner.leadersystems.com.au/products.html?uWvY8lk75bg=WSxDAId5dYBBZcUBeArHjw==qgQpQMGclZKGXLCLwME59gJFvq73TcU=
NWG-WGMDRT30603,https://partner.leadersystems.com.au/products.html?6dYvvEx4a2Q=o2i8tabJh8Tl8uakroAceA==w/ZdI5gcVdDqQ4T4EmPmr1FJA7bPvJo=
NWG-WGMDRT30701,https://partner.leadersystems.com.au/products.html?PTzBcCC+gEk=hNZpRdqb4dVUSupcNxVPgQ==Sk5UDAEfPIcCi11oQDz64Tuw+PYITVA=
NWG-WGMDRT30703,https://partner.leadersystems.com.au/products.html?suW1tvDelk4=fXiRtMuE/Pv/kERYjJesiQ==UEusUp3HFl9H99XjOsoRrx8vIvF33h8=
NWG-WGTSNDR30101,https://partner.leadersystems.com.au/products.html?VeL0UaxPpfU=PmTE4vEa+le+JxhEhc9S9Q==eU1ILhFsK6P07QMkP0//N3Z0ghtecHK4
NWG-WGTSNDR30103,https://partner.leadersystems.com.au/products.html?wLAKT+KKr2Q=KleoO2jxv9nzn013TahkCw==11KScbgRaWKCAO/6Fdw2y/yJeU7LqU9U
NWG-WGTSNDR30201,https://partner.leadersystems.com.au/products.html?zx0Dso+Rs2E=jt8AnQwkIQIpChyBzzPSlg==6SM3M5VxE8JAdrpg4Dpf9k3sCr82ajS5
NWG-WGTSNDR30203,https://partner.leadersystems.com.au/products.html?NJp8BxhFUOg=oIP4zanyLsWyBNdNFDQYvw==2g1IHu8amAGo6uEKa4YvE27jyFhbIJTZ
NWG-WGTSNDR30301,https://partner.leadersystems.com.au/products.html?G/+g6Ea68pw=tNAmA6lzhq9zbsUTTIJXJw==NixV+PR8QkEcWYS5DAab5Lwkasx2LUiV
NWG-WGTSNDR30303,https://partner.leadersystems.com.au/products.html?OxeNLXbhMUw=Dy7zqC3zQfh4ytCOMLmXKg==ClQ9vL6C1xdStqoJE+u7TovfdWKHqpk7
NWG-WGTSNDR30401,https://partner.leadersystems.com.au/products.html?5vFh9cZD+Wo=25YZbppAdDYakFka3AljzQ==Dvv5Q5I8EOn4VfoB2Lps0Z8jRVvWqN7O
NWG-WGTSNDR30403,https://partner.leadersystems.com.au/products.html?4pFFwm4rSHU=WbNf+/goSUbrHy1FGg4I5g==KaAAvXxqpXVsrpsRPRLTAJxaqxdu2lNK
NWG-WGTSST30101,https://partner.leadersystems.com.au/products.html?f83r4bhQv/o=VJNl60zrRnhw5AIwLkTzZQ==Ad2HHYydxMmDibW2k9O3NpzEpBnedMQ=
NWG-WGTSST30103,https://partner.leadersystems.com.au/products.html?gqVr2BEscYU=9P1BnoBfS9WgGM+Y2O4YaQ==Oe2nk1pHc2yuNQPCA+XYXKoIbKjlnrA=
NWG-WGTSST30201,https://partner.leadersystems.com.au/products.html?SZI74qvtJ+g=k6AYAPyVaIM6iWJnUzfB+g==c2yLAr8vEeWzbie5TVetEZLOOuUgUqE=
NWG-WGTSST30203,https://partner.leadersystems.com.au/products.html?GXqjmS5/Oqc=BcsBlI4HnsPLzK+hKuJC8g==14S1Lr2/2DgozHHYvUvfs0fBxRM/RPU=
NWG-WGTSST30301,https://partner.leadersystems.com.au/products.html?55sBS3wD/1w=kRfBHqSIgSCCpUZzY85jBw==XnVj0fbdaQcGRjzj0knPVBaaY00rEQ0=
NWG-WGTSST30303,https://partner.leadersystems.com.au/products.html?lR7MNST6lIY=gKV0+duaTwegTekVQyjl7Q==YqJIX7B8YjuCKJQkO0Q0Xcg5CDNN+Yg=
NWG-WGTSST30401,https://partner.leadersystems.com.au/products.html?31ZLEdTyFpE=QcGmVGzFr7fWHWipBqFQHQ==FWFZoX4Vp/Hc3tmTLIcq0y2QriJ3nM4=
NWG-WGTSST30403,https://partner.leadersystems.com.au/products.html?0MVT1GL8DRY=cNgVw4qcP4tyIXmfmv51Qg==2YlGtA4ellumKMShz0dTv1NUwzdlQe8=
NWG-WGTSSAAS30101,https://partner.leadersystems.com.au/products.html?Yoi684YLMSk=HWyXumxPWs0RgWJoxDt+ow==tsPEygWivx2720AV78L+HSg9sUzFdBp/7w==
NWG-WGTSSAAS30103,https://partner.leadersystems.com.au/products.html?vT2mGXvAWWM=Fr1snOMyac9+rB0BSElz/Q==aBrH7eAcUsoGpeAWYcKA/xaJPlZi1TQGYQ==
NWG-WGTSSAAS30201,https://partner.leadersystems.com.au/products.html?vpkyp/mXtOk=yh36r5xHHabdN4Mz2vntew==9EHj/FMwClHzewu4xItD+PrjfqVbgfWljA==
NWG-WGTSSAAS30203,https://partner.leadersystems.com.au/products.html?G6HzxyLiP3c=TMa+jSw/JA7Abq7CMtadbA==H3UxsITSs3/m4oWsTknRDJ98F6CJcttG8Q==
NWG-WGTSSAAS30301,https://partner.leadersystems.com.au/products.html?yGDrn+r5yuQ=yLe9qaxMs1Sy4c7CxA4cfA==vzERbh+2A1Yw3xCDaEAU7bYfVybfwOcASQ==
NWG-WGTSSAAS30303,https://partner.leadersystems.com.au/products.html?kDX4FhtHsMo=Q8jCoy6gO7OxopUfRERUZA==SfA0Wt3Yxn0x4JPwkfqueOKxBEkXza5K5Q==
NWG-WGTSSAAS30401,https://partner.leadersystems.com.au/products.html?+HE81DBnlnU=232WxWtBbEgZDLTFizQ3Dw==mU9W9/PXRQjW+Ac5n0WZl7v+GoC/TfMNXQ==
NWG-WGTSSAAS30403,https://partner.leadersystems.com.au/products.html?vVDt9icycrw=1TyvBdRhcraMahLSn+51Uw==XiQ182Q+WYN+8nhLXDsS3eetBp1dYkENHA==
